date_offset,platform,content_id,title,theme,target_game,CTA,UTM URL,asset_required,status
D01,X,x_01,FPSとHzは役割が違う,FPSとHz,all,なし,https://hibo1120.github.io/gamefit-lab/diagnose.html?utm_source=x&utm_medium=social&utm_campaign=gamefit_growth_v1&utm_content=x_01&source=x_01,テキスト,draft
D01,YouTube Shorts,yt_s01,5万円あるならGPU？,予算5万円,all,無料診断,https://hibo1120.github.io/gamefit-lab/diagnose.html?utm_source=youtube&utm_medium=shorts&utm_campaign=gamefit_growth_v1&utm_content=yt_s01&source=yt_s01,9:16字幕動画,draft
D02,X,x_02,5万円の使い道は症状から決める,予算5万円,all,なし,https://hibo1120.github.io/gamefit-lab/diagnose.html?utm_source=x&utm_medium=social&utm_campaign=gamefit_growth_v1&utm_content=x_02&source=x_02,テキスト,draft
D02,note,note_01,ゲーミングPCに5万円追加するなら？,予算5万円,all,無料診断,https://hibo1120.github.io/gamefit-lab/diagnose.html?utm_source=note&utm_medium=article&utm_campaign=gamefit_growth_v1&utm_content=note_01&source=note_01,記事カバー,draft
D03,X,x_03,買替前の3段階,買替判断,all,なし,https://hibo1120.github.io/gamefit-lab/diagnose.html?utm_source=x&utm_medium=social&utm_campaign=gamefit_growth_v1&utm_content=x_03&source=x_03,スレッド,draft
D03,YouTube Shorts,yt_s02,30万円のPCは本当に必要？,PC買替,all,無料診断,https://hibo1120.github.io/gamefit-lab/diagnose.html?utm_source=youtube&utm_medium=shorts&utm_campaign=gamefit_growth_v1&utm_content=yt_s02&source=yt_s02,9:16字幕動画,draft
D04,X,x_04,VALORANTの意外な優先順位,ゲーム別,valorant,なし,https://hibo1120.github.io/gamefit-lab/diagnose.html?game=valorant&utm_source=x&utm_medium=social&utm_campaign=gamefit_growth_v1&utm_content=x_04&source=x_04,テキスト,draft
D05,X,x_05,無料診断CTA,総合診断,all,無料診断,https://hibo1120.github.io/gamefit-lab/diagnose.html?utm_source=x&utm_medium=social&utm_campaign=gamefit_growth_v1&utm_content=x_05&source=x_05,テキスト,draft
D05,YouTube Shorts,yt_s03,200FPSなのに60Hzなら？,FPSとHz,all,無料診断,https://hibo1120.github.io/gamefit-lab/diagnose.html?utm_source=youtube&utm_medium=shorts&utm_campaign=gamefit_growth_v1&utm_content=yt_s03&source=yt_s03,9:16字幕動画,draft
D06,X,x_06,高額PCを止める質問,PC買替,all,なし,https://hibo1120.github.io/gamefit-lab/diagnose.html?utm_source=x&utm_medium=social&utm_campaign=gamefit_growth_v1&utm_content=x_06&source=x_06,テキスト,draft
D07,X,x_07,RAMクイズ,RAM,all,なし,https://hibo1120.github.io/gamefit-lab/diagnose.html?utm_source=x&utm_medium=social&utm_campaign=gamefit_growth_v1&utm_content=x_07&source=x_07,投票画像任意,draft
D07,note,note_02,30万円のゲーミングPCを買わなくていい人,PC買替,all,無料診断,https://hibo1120.github.io/gamefit-lab/diagnose.html?utm_source=note&utm_medium=article&utm_campaign=gamefit_growth_v1&utm_content=note_02&source=note_02,記事カバー,draft
D08,X,x_08,Apexと高Hz,ゲーム別,apex,なし,https://hibo1120.github.io/gamefit-lab/diagnose.html?game=apex&utm_source=x&utm_medium=social&utm_campaign=gamefit_growth_v1&utm_content=x_08&source=x_08,テキスト,draft
D08,YouTube Shorts,yt_s04,VALORANTで最初に変えるべきもの,ゲーム別,valorant,無料診断,https://hibo1120.github.io/gamefit-lab/diagnose.html?game=valorant&utm_source=youtube&utm_medium=shorts&utm_campaign=gamefit_growth_v1&utm_content=yt_s04&source=yt_s04,9:16字幕動画,draft
D09,X,x_09,SSDで解決すること・しないこと,ストレージ,all,なし,https://hibo1120.github.io/gamefit-lab/diagnose.html?utm_source=x&utm_medium=social&utm_campaign=gamefit_growth_v1&utm_content=x_09&source=x_09,スレッド,draft
D10,X,x_10,VALORANT診断CTA,ゲーム別,valorant,無料診断,https://hibo1120.github.io/gamefit-lab/diagnose.html?game=valorant&utm_source=x&utm_medium=social&utm_campaign=gamefit_growth_v1&utm_content=x_10&source=x_10,テキスト,draft
D10,YouTube Shorts,yt_s05,Apexが重い時にモニターを買っても意味がないケース,ゲーム別,apex,無料診断,https://hibo1120.github.io/gamefit-lab/diagnose.html?game=apex&utm_source=youtube&utm_medium=shorts&utm_campaign=gamefit_growth_v1&utm_content=yt_s05&source=yt_s05,9:16字幕動画,draft
D11,X,x_11,240Hzを選ぶ人,モニター,all,なし,https://hibo1120.github.io/gamefit-lab/diagnose.html?utm_source=x&utm_medium=social&utm_campaign=gamefit_growth_v1&utm_content=x_11&source=x_11,テキスト,draft
D12,X,x_12,3万円の使わない選択,予算3万円,all,なし,https://hibo1120.github.io/gamefit-lab/diagnose.html?utm_source=x&utm_medium=social&utm_campaign=gamefit_growth_v1&utm_content=x_12&source=x_12,テキスト,draft
D12,YouTube Shorts,yt_s06,FortniteでSSDを見直す理由,ゲーム別,fortnite,無料診断,https://hibo1120.github.io/gamefit-lab/diagnose.html?game=fortnite&utm_source=youtube&utm_medium=shorts&utm_campaign=gamefit_growth_v1&utm_content=yt_s06&source=yt_s06,9:16字幕動画,draft
D12,note,note_03,240FPSと240Hzを混同すると損する,FPSとHz,all,無料診断,https://hibo1120.github.io/gamefit-lab/diagnose.html?utm_source=note&utm_medium=article&utm_campaign=gamefit_growth_v1&utm_content=note_03&source=note_03,記事カバー,draft
D13,X,x_13,Fortniteで症状を分ける,ゲーム別,fortnite,なし,https://hibo1120.github.io/gamefit-lab/diagnose.html?game=fortnite&utm_source=x&utm_medium=social&utm_campaign=gamefit_growth_v1&utm_content=x_13&source=x_13,テキスト,draft
D14,X,x_14,ノートPCの増設前,ノートPC,all,なし,https://hibo1120.github.io/gamefit-lab/diagnose.html?utm_source=x&utm_medium=social&utm_campaign=gamefit_growth_v1&utm_content=x_14&source=x_14,テキスト,draft
D15,X,x_15,Apex診断CTA,ゲーム別,apex,無料診断,https://hibo1120.github.io/gamefit-lab/diagnose.html?game=apex&utm_source=x&utm_medium=social&utm_campaign=gamefit_growth_v1&utm_content=x_15&source=x_15,テキスト,draft
D15,YouTube Shorts,yt_s07,Monster Hunter Wildsが重い時の優先順位,ゲーム別,mhwilds,無料診断,https://hibo1120.github.io/gamefit-lab/diagnose.html?game=mhwilds&utm_source=youtube&utm_medium=shorts&utm_campaign=gamefit_growth_v1&utm_content=yt_s07&source=yt_s07,9:16字幕動画,draft
D16,X,x_16,目標FPSは高いほど正解？,目標設定,all,なし,https://hibo1120.github.io/gamefit-lab/diagnose.html?utm_source=x&utm_medium=social&utm_campaign=gamefit_growth_v1&utm_content=x_16&source=x_16,投票画像任意,draft
D17,X,x_17,現状維持の条件,現状維持,all,なし,https://hibo1120.github.io/gamefit-lab/diagnose.html?utm_source=x&utm_medium=social&utm_campaign=gamefit_growth_v1&utm_content=x_17&source=x_17,テキスト,draft
D17,YouTube Shorts,yt_s08,RAM16GBから32GBが意味ある人,RAM,all,無料診断,https://hibo1120.github.io/gamefit-lab/diagnose.html?utm_source=youtube&utm_medium=shorts&utm_campaign=gamefit_growth_v1&utm_content=yt_s08&source=yt_s08,9:16字幕動画,draft
D17,note,note_04,ゲーミングPC買替 vs 部分更新,買替判断,all,無料診断,https://hibo1120.github.io/gamefit-lab/diagnose.html?utm_source=note&utm_medium=article&utm_campaign=gamefit_growth_v1&utm_content=note_04&source=note_04,記事カバー,draft
D18,X,x_18,モンハンワイルズの順番,ゲーム別,mhwilds,なし,https://hibo1120.github.io/gamefit-lab/diagnose.html?game=mhwilds&utm_source=x&utm_medium=social&utm_campaign=gamefit_growth_v1&utm_content=x_18&source=x_18,スレッド,draft
D19,X,x_19,10万円の使い分け,予算10万円,all,なし,https://hibo1120.github.io/gamefit-lab/diagnose.html?utm_source=x&utm_medium=social&utm_campaign=gamefit_growth_v1&utm_content=x_19&source=x_19,テキスト,draft
D19,YouTube Shorts,yt_s09,ゲーミングノートをアップグレードする前に,ノートPC,all,無料診断,https://hibo1120.github.io/gamefit-lab/diagnose.html?utm_source=youtube&utm_medium=shorts&utm_campaign=gamefit_growth_v1&utm_content=yt_s09&source=yt_s09,9:16字幕動画,draft
D20,X,x_20,Fortnite診断CTA,ゲーム別,fortnite,無料診断,https://hibo1120.github.io/gamefit-lab/diagnose.html?game=fortnite&utm_source=x&utm_medium=social&utm_campaign=gamefit_growth_v1&utm_content=x_20&source=x_20,テキスト,draft
D21,X,x_21,CPU・GPU自由入力の扱い,プライバシー,all,なし,https://hibo1120.github.io/gamefit-lab/diagnose.html?utm_source=x&utm_medium=social&utm_campaign=gamefit_growth_v1&utm_content=x_21&source=x_21,テキスト,draft
D22,X,x_22,モニター交換でFPSは増える？,モニター,all,なし,https://hibo1120.github.io/gamefit-lab/diagnose.html?utm_source=x&utm_medium=social&utm_campaign=gamefit_growth_v1&utm_content=x_22&source=x_22,投票画像任意,draft
D22,YouTube Shorts,yt_s10,240Hzモニターを買うべき人,モニター,all,無料診断,https://hibo1120.github.io/gamefit-lab/diagnose.html?utm_source=youtube&utm_medium=shorts&utm_campaign=gamefit_growth_v1&utm_content=yt_s10&source=yt_s10,9:16字幕動画,draft
D22,note,note_05,PCを買わせない診断を作った理由,サービス思想,all,無料診断,https://hibo1120.github.io/gamefit-lab/diagnose.html?utm_source=note&utm_medium=article&utm_campaign=gamefit_growth_v1&utm_content=note_05&source=note_05,記事カバー,draft
D23,X,x_23,デバイスは最後でいい？,デバイス,all,なし,https://hibo1120.github.io/gamefit-lab/diagnose.html?utm_source=x&utm_medium=social&utm_campaign=gamefit_growth_v1&utm_content=x_23&source=x_23,テキスト,draft
D24,X,x_24,買替と部分更新の比較軸,買替判断,all,なし,https://hibo1120.github.io/gamefit-lab/diagnose.html?utm_source=x&utm_medium=social&utm_campaign=gamefit_growth_v1&utm_content=x_24&source=x_24,スレッド,draft
D24,YouTube Shorts,yt_s11,予算3万円なら何に使う？,予算3万円,all,無料診断,https://hibo1120.github.io/gamefit-lab/diagnose.html?utm_source=youtube&utm_medium=shorts&utm_campaign=gamefit_growth_v1&utm_content=yt_s11&source=yt_s11,9:16字幕動画,draft
D25,X,x_25,モンハンワイルズ診断CTA,ゲーム別,mhwilds,無料診断,https://hibo1120.github.io/gamefit-lab/diagnose.html?game=mhwilds&utm_source=x&utm_medium=social&utm_campaign=gamefit_growth_v1&utm_content=x_25&source=x_25,テキスト,draft
D26,X,x_26,予算ゼロで先に見る場所,無料改善,all,なし,https://hibo1120.github.io/gamefit-lab/diagnose.html?utm_source=x&utm_medium=social&utm_campaign=gamefit_growth_v1&utm_content=x_26&source=x_26,テキスト,draft
D26,YouTube Shorts,yt_s12,何も買わないが正解になるケース,現状維持,all,無料診断,https://hibo1120.github.io/gamefit-lab/diagnose.html?utm_source=youtube&utm_medium=shorts&utm_campaign=gamefit_growth_v1&utm_content=yt_s12&source=yt_s12,9:16字幕動画,draft
D27,X,x_27,平均FPSだけ見ない,診断方法,all,なし,https://hibo1120.github.io/gamefit-lab/diagnose.html?utm_source=x&utm_medium=social&utm_campaign=gamefit_growth_v1&utm_content=x_27&source=x_27,テキスト,draft
D28,X,x_28,公式要件と独自判断,信頼性,all,なし,https://hibo1120.github.io/gamefit-lab/diagnose.html?utm_source=x&utm_medium=social&utm_campaign=gamefit_growth_v1&utm_content=x_28&source=x_28,テキスト,draft
D28,note,note_06,予算3万円・5万円・10万円で変わる投資先,予算比較,all,無料診断,https://hibo1120.github.io/gamefit-lab/diagnose.html?utm_source=note&utm_medium=article&utm_campaign=gamefit_growth_v1&utm_content=note_06&source=note_06,記事カバー,draft
D29,X,x_29,5万円と10万円の違い,予算比較,all,なし,https://hibo1120.github.io/gamefit-lab/diagnose.html?utm_source=x&utm_medium=social&utm_campaign=gamefit_growth_v1&utm_content=x_29&source=x_29,テキスト,draft
D30,X,x_30,30日目の診断CTA,総合診断,all,無料診断,https://hibo1120.github.io/gamefit-lab/diagnose.html?utm_source=x&utm_medium=social&utm_campaign=gamefit_growth_v1&utm_content=x_30&source=x_30,テキスト,draft
